<?xml version="1.0" encoding="UTF-8"?>
<!DOCTYPE mapper PUBLIC "-//mybatis.org//DTD Mapper 3.0//EN" "http://mybatis.org/dtd/mybatis-3-mapper.dtd">
<mapper namespace="com.aaa.dao.DeptMapper">
  <resultMap id="BaseResultMap" type="com.aaa.entity.Dept">
    <id column="dept_id" jdbcType="INTEGER" property="deptId" />
    <result column="dept_name" jdbcType="VARCHAR" property="deptName" />
    <result column="order_num" jdbcType="INTEGER" property="orderNum" />
    <result column="status" jdbcType="CHAR" property="status" />
    <result column="del_flag" jdbcType="CHAR" property="delFlag" />
    <result column="create_by" jdbcType="VARCHAR" property="createBy" />
    <result column="create_time" jdbcType="TIMESTAMP" property="createTime" />
    <result column="update_by" jdbcType="VARCHAR" property="updateBy" />
    <result column="update_time" jdbcType="TIMESTAMP" property="updateTime" />
  </resultMap>
  <sql id="Base_Column_List">
    dept_id, dept_name, order_num, status, del_flag, create_by, create_time, update_by, 
    update_time
  </sql>
  <select id="selectByPrimaryKey" parameterType="java.lang.Integer" resultMap="BaseResultMap">
    select 
    <include refid="Base_Column_List" />
    from tbl_dept
    where dept_id = #{deptId,jdbcType=INTEGER}
  </select>
    <select id="selectAllDept" resultMap="BaseResultMap">
        select * from tbl_dept where del_flag=0

    </select>
  <select id="searchDeptById" resultMap="BaseResultMap">
    SELECT * FROM tbl_dept WHERE dept_id=#{deptId,jdbcType=INTEGER}
  </select>
    <delete id="deleteByPrimaryKey" parameterType="java.lang.Integer">
    delete from tbl_dept
    where dept_id = #{deptId,jdbcType=INTEGER}
  </delete>
  <delete id="delDeptById">
    delete from tbl_dept
    where dept_id in
    <foreach collection="ids" item="xxx" open="(" close=")" separator=",">
      #{xxx}
    </foreach>
  </delete>
  <insert id="insert" parameterType="com.aaa.entity.Dept">
    insert into tbl_dept (dept_id, dept_name, order_num, 
      status, del_flag, create_by, 
      create_time, update_by, update_time
      )
    values (#{deptId,jdbcType=INTEGER}, #{deptName,jdbcType=VARCHAR}, #{orderNum,jdbcType=INTEGER}, 
      #{status,jdbcType=CHAR}, #{delFlag,jdbcType=CHAR}, #{createBy,jdbcType=VARCHAR}, 
      #{createTime,jdbcType=TIMESTAMP}, #{updateBy,jdbcType=VARCHAR}, #{updateTime,jdbcType=TIMESTAMP}
      )
  </insert>
  <insert id="insertSelective" parameterType="com.aaa.entity.Dept">
    insert into tbl_dept
    <trim prefix="(" suffix=")" suffixOverrides=",">
      <if test="deptId != null">
        dept_id,
      </if>
      <if test="deptName != null">
        dept_name,
      </if>
      <if test="orderNum != null">
        order_num,
      </if>
      <if test="status != null">
        status,
      </if>
      <if test="delFlag != null">
        del_flag,
      </if>
      <if test="createBy != null">
        create_by,
      </if>
      <if test="createTime != null">
        create_time,
      </if>
      <if test="updateBy != null">
        update_by,
      </if>
      <if test="updateTime != null">
        update_time,
      </if>
    </trim>
    <trim prefix="values (" suffix=")" suffixOverrides=",">
      <if test="deptId != null">
        #{deptId,jdbcType=INTEGER},
      </if>
      <if test="deptName != null">
        #{deptName,jdbcType=VARCHAR},
      </if>
      <if test="orderNum != null">
        #{orderNum,jdbcType=INTEGER},
      </if>
      <if test="status != null">
        #{status,jdbcType=CHAR},
      </if>
      <if test="delFlag != null">
        #{delFlag,jdbcType=CHAR},
      </if>
      <if test="createBy != null">
        #{createBy,jdbcType=VARCHAR},
      </if>
      <if test="createTime != null">
        #{createTime,jdbcType=TIMESTAMP},
      </if>
      <if test="updateBy != null">
        #{updateBy,jdbcType=VARCHAR},
      </if>
      <if test="updateTime != null">
        #{updateTime,jdbcType=TIMESTAMP},
      </if>
    </trim>
  </insert>
  <update id="updateByPrimaryKeySelective" parameterType="com.aaa.entity.Dept">
    update tbl_dept
    <set>
      <if test="deptName != null">
        dept_name = #{deptName,jdbcType=VARCHAR},
      </if>
      <if test="orderNum != null">
        order_num = #{orderNum,jdbcType=INTEGER},
      </if>
      <if test="status != null">
        status = #{status,jdbcType=CHAR},
      </if>
      <if test="delFlag != null">
        del_flag = #{delFlag,jdbcType=CHAR},
      </if>
      <if test="createBy != null">
        create_by = #{createBy,jdbcType=VARCHAR},
      </if>
      <if test="createTime != null">
        create_time = #{createTime,jdbcType=TIMESTAMP},
      </if>
      <if test="updateBy != null">
        update_by = #{updateBy,jdbcType=VARCHAR},
      </if>
      <if test="updateTime != null">
        update_time = #{updateTime,jdbcType=TIMESTAMP},
      </if>
    </set>
    where dept_id = #{deptId,jdbcType=INTEGER}
  </update>
  <update id="updateByPrimaryKey" parameterType="com.aaa.entity.Dept">
    update tbl_dept
    set dept_name = #{deptName,jdbcType=VARCHAR},
      order_num = #{orderNum,jdbcType=INTEGER},
      status = #{status,jdbcType=CHAR},
      del_flag = #{delFlag,jdbcType=CHAR},
      create_by = #{createBy,jdbcType=VARCHAR},
      create_time = #{createTime,jdbcType=TIMESTAMP},
      update_by = #{updateBy,jdbcType=VARCHAR},
      update_time = #{updateTime,jdbcType=TIMESTAMP}
    where dept_id = #{deptId,jdbcType=INTEGER}
  </update>
</mapper>