<?xml version="1.0" encoding="UTF-8"?>
<!DOCTYPE mapper PUBLIC "-//mybatis.org//DTD Mapper 3.0//EN" "http://mybatis.org/dtd/mybatis-3-mapper.dtd">
<mapper namespace="com.aaa.dao.MenuMapper">
  <resultMap id="BaseResultMap" type="com.aaa.entity.Menu">
    <id column="menu_id" jdbcType="INTEGER" property="menuId" />
    <result column="menu_name" jdbcType="VARCHAR" property="menuName" />
    <result column="parent_id" jdbcType="INTEGER" property="parentId" />
    <result column="order_num" jdbcType="INTEGER" property="orderNum" />
    <result column="url" jdbcType="VARCHAR" property="url" />
    <result column="menu_type" jdbcType="CHAR" property="menuType" />
    <result column="visible" jdbcType="CHAR" property="visible" />
    <result column="perms" jdbcType="VARCHAR" property="perms" />
    <result column="icon" jdbcType="VARCHAR" property="icon" />
    <result column="create_by" jdbcType="VARCHAR" property="createBy" />
    <result column="create_time" jdbcType="TIMESTAMP" property="createTime" />
    <result column="update_by" jdbcType="VARCHAR" property="updateBy" />
    <result column="update_time" jdbcType="TIMESTAMP" property="updateTime" />
    <result column="remark" jdbcType="VARCHAR" property="remark" />
  </resultMap>
  <sql id="Base_Column_List">
    menu_id, menu_name, parent_id, order_num, url, menu_type, visible, perms, icon, create_by, 
    create_time, update_by, update_time, remark
  </sql>
  <select id="selectByPrimaryKey" parameterType="java.lang.Integer" resultMap="BaseResultMap">
    select 
    <include refid="Base_Column_List" />
    from tbl_menu
    where menu_id = #{menuId,jdbcType=INTEGER}
  </select>
  <select id="selectAllMenu" resultMap="BaseResultMap">
      select * from tbl_menu

  </select>

    <select id="selectAllMenuByName" parameterType="java.lang.String" resultMap="BaseResultMap">
      SELECT
	m.*
FROM
	tbl_menu m
INNER JOIN tbl_role_menu rm ON m.menu_id = rm.menu_id
WHERE
	rm.role_id IN (
		SELECT
			ur.role_id
		FROM
			tbl_user u
		INNER JOIN tbl_user_role ur ON ur.user_id = u.user_id
		WHERE
			u.login_name = #{loginName}
	)

    </select>
  <select id="selectMenu" resultMap="BaseResultMap">
      select * from tbl_menu

  </select>
  <select id="searchMenuById" resultMap="BaseResultMap">
    SELECT * FROM tbl_menu WHERE menu_id=#{menuId,jdbcType=INTEGER}
  </select>
    <delete id="deleteByPrimaryKey" parameterType="java.lang.Integer">
    delete from tbl_menu
    where menu_id = #{menuId,jdbcType=INTEGER}
  </delete>
  <delete id="delMenuByID" parameterType="java.util.List">
    delete from tbl_menu
    where menu_id in
    <foreach collection="ids" item="xxx" open="(" close=")" separator=",">
      #{xxx}
    </foreach>
  </delete>
  <insert id="insert" parameterType="com.aaa.entity.Menu">
    insert into tbl_menu (menu_id, menu_name, parent_id, 
      order_num, url, menu_type, 
      visible, perms, icon, 
      create_by, create_time, update_by, 
      update_time, remark)
    values (#{menuId,jdbcType=INTEGER}, #{menuName,jdbcType=VARCHAR}, #{parentId,jdbcType=INTEGER}, 
      #{orderNum,jdbcType=INTEGER}, #{url,jdbcType=VARCHAR}, #{menuType,jdbcType=CHAR}, 
      #{visible,jdbcType=CHAR}, #{perms,jdbcType=VARCHAR}, #{icon,jdbcType=VARCHAR}, 
      #{createBy,jdbcType=VARCHAR}, #{createTime,jdbcType=TIMESTAMP}, #{updateBy,jdbcType=VARCHAR}, 
      #{updateTime,jdbcType=TIMESTAMP}, #{remark,jdbcType=VARCHAR})
  </insert>
  <insert id="insertSelective" parameterType="com.aaa.entity.Menu">
    insert into tbl_menu
    <trim prefix="(" suffix=")" suffixOverrides=",">
      <if test="menuId != null">
        menu_id,
      </if>
      <if test="menuName != null">
        menu_name,
      </if>
      <if test="parentId != null">
        parent_id,
      </if>
      <if test="orderNum != null">
        order_num,
      </if>
      <if test="url != null">
        url,
      </if>
      <if test="menuType != null">
        menu_type,
      </if>
      <if test="visible != null">
        visible,
      </if>
      <if test="perms != null">
        perms,
      </if>
      <if test="icon != null">
        icon,
      </if>
      <if test="createBy != null">
        create_by,
      </if>
      <if test="createTime != null">
        create_time,
      </if>
      <if test="updateBy != null">
        update_by,
      </if>
      <if test="updateTime != null">
        update_time,
      </if>
      <if test="remark != null">
        remark,
      </if>
    </trim>
    <trim prefix="values (" suffix=")" suffixOverrides=",">
      <if test="menuId != null">
        #{menuId,jdbcType=INTEGER},
      </if>
      <if test="menuName != null">
        #{menuName,jdbcType=VARCHAR},
      </if>
      <if test="parentId != null">
        #{parentId,jdbcType=INTEGER},
      </if>
      <if test="orderNum != null">
        #{orderNum,jdbcType=INTEGER},
      </if>
      <if test="url != null">
        #{url,jdbcType=VARCHAR},
      </if>
      <if test="menuType != null">
        #{menuType,jdbcType=CHAR},
      </if>
      <if test="visible != null">
        #{visible,jdbcType=CHAR},
      </if>
      <if test="perms != null">
        #{perms,jdbcType=VARCHAR},
      </if>
      <if test="icon != null">
        #{icon,jdbcType=VARCHAR},
      </if>
      <if test="createBy != null">
        #{createBy,jdbcType=VARCHAR},
      </if>
      <if test="createTime != null">
        #{createTime,jdbcType=TIMESTAMP},
      </if>
      <if test="updateBy != null">
        #{updateBy,jdbcType=VARCHAR},
      </if>
      <if test="updateTime != null">
        #{updateTime,jdbcType=TIMESTAMP},
      </if>
      <if test="remark != null">
        #{remark,jdbcType=VARCHAR},
      </if>
    </trim>
  </insert>
  <update id="updateByPrimaryKeySelective" parameterType="com.aaa.entity.Menu">
    update tbl_menu
    <set>
      <if test="menuName != null">
        menu_name = #{menuName,jdbcType=VARCHAR},
      </if>
      <if test="parentId != null">
        parent_id = #{parentId,jdbcType=INTEGER},
      </if>
      <if test="orderNum != null">
        order_num = #{orderNum,jdbcType=INTEGER},
      </if>
      <if test="url != null">
        url = #{url,jdbcType=VARCHAR},
      </if>
      <if test="menuType != null">
        menu_type = #{menuType,jdbcType=CHAR},
      </if>
      <if test="visible != null">
        visible = #{visible,jdbcType=CHAR},
      </if>
      <if test="perms != null">
        perms = #{perms,jdbcType=VARCHAR},
      </if>
      <if test="icon != null">
        icon = #{icon,jdbcType=VARCHAR},
      </if>
      <if test="createBy != null">
        create_by = #{createBy,jdbcType=VARCHAR},
      </if>
      <if test="createTime != null">
        create_time = #{createTime,jdbcType=TIMESTAMP},
      </if>
      <if test="updateBy != null">
        update_by = #{updateBy,jdbcType=VARCHAR},
      </if>
      <if test="updateTime != null">
        update_time = #{updateTime,jdbcType=TIMESTAMP},
      </if>
      <if test="remark != null">
        remark = #{remark,jdbcType=VARCHAR},
      </if>
    </set>
    where menu_id = #{menuId,jdbcType=INTEGER}
  </update>
  <update id="updateByPrimaryKey" parameterType="com.aaa.entity.Menu">
    update tbl_menu
    set menu_name = #{menuName,jdbcType=VARCHAR},
      parent_id = #{parentId,jdbcType=INTEGER},
      order_num = #{orderNum,jdbcType=INTEGER},
      url = #{url,jdbcType=VARCHAR},
      menu_type = #{menuType,jdbcType=CHAR},
      visible = #{visible,jdbcType=CHAR},
      perms = #{perms,jdbcType=VARCHAR},
      icon = #{icon,jdbcType=VARCHAR},
      create_by = #{createBy,jdbcType=VARCHAR},
      create_time = #{createTime,jdbcType=TIMESTAMP},
      update_by = #{updateBy,jdbcType=VARCHAR},
      update_time = #{updateTime,jdbcType=TIMESTAMP},
      remark = #{remark,jdbcType=VARCHAR}
    where menu_id = #{menuId,jdbcType=INTEGER}
  </update>
</mapper>