<?xml version="1.0" encoding="UTF-8"?>
<!DOCTYPE mapper PUBLIC "-//mybatis.org//DTD Mapper 3.0//EN" "http://mybatis.org/dtd/mybatis-3-mapper.dtd">
<mapper namespace="com.aaa.dao.MyUserInfoMapper">
  <resultMap id="BaseResultMap" type="com.aaa.entity.MyUserInfo">
    <id column="userid" jdbcType="INTEGER" property="userid" />
    <result column="username" jdbcType="VARCHAR" property="username" />
    <result column="password" jdbcType="VARCHAR" property="password" />
    <result column="salt" jdbcType="VARCHAR" property="salt" />
  </resultMap>
  <sql id="Base_Column_List">
    userid, username, password
  </sql>
  <select id="selectByPrimaryKey" parameterType="java.lang.Integer" resultMap="BaseResultMap">
    select 
    <include refid="Base_Column_List" />
    from userinfo
    where userid = #{userid,jdbcType=INTEGER}
  </select>
  <select id="selectAllUser"   resultMap="BaseResultMap">
    select * from userinfo
  </select>
    <select id="selectUserByUsername" resultType="com.aaa.entity.MyUserInfo">
        select * from userinfo where username=#{username}
    </select>
    <delete id="deleteByPrimaryKey" parameterType="java.lang.Integer">
    delete from userinfo
    where userid = #{userid,jdbcType=INTEGER}
  </delete>
    <delete id="delUserByID"  parameterType="java.util.List">
        delete from userinfo
    where userid in
      <foreach collection="ids" item="xxx" open="(" close=")" separator=",">
      #{xxx}
    </foreach>
    </delete>
    <insert id="insert" parameterType="com.aaa.entity.MyUserInfo">
    insert into userinfo (userid, username, password
      )
    values (#{userid,jdbcType=INTEGER}, #{username,jdbcType=VARCHAR}, #{password,jdbcType=VARCHAR}
      )
  </insert>
  <insert id="insertSelective" parameterType="com.aaa.entity.MyUserInfo">
    insert into userinfo
    <trim prefix="(" suffix=")" suffixOverrides=",">
      <if test="userid != null">
        userid,
      </if>
      <if test="username != null">
        username,
      </if>
      <if test="password != null">
        password,
      </if>
      <if test="salt != null">
        salt,
      </if>
    </trim>
    <trim prefix="values (" suffix=")" suffixOverrides=",">
      <if test="userid != null">
        #{userid,jdbcType=INTEGER},
      </if>
      <if test="username != null">
        #{username,jdbcType=VARCHAR},
      </if>
      <if test="password != null">
        #{password,jdbcType=VARCHAR},
      </if>
      <if test="salt != null">
        #{salt,jdbcType=VARCHAR},
      </if>
    </trim>
  </insert>
  <update id="updateByPrimaryKeySelective" parameterType="com.aaa.entity.MyUserInfo">
    update userinfo
    <set>
      <if test="username != null">
        username = #{username,jdbcType=VARCHAR},
      </if>
      <if test="password != null">
        password = #{password,jdbcType=VARCHAR},
      </if>
    </set>
    where userid = #{userid,jdbcType=INTEGER}
  </update>
  <update id="updateByPrimaryKey" parameterType="com.aaa.entity.MyUserInfo">
    update userinfo
    set username = #{username,jdbcType=VARCHAR},
      password = #{password,jdbcType=VARCHAR}
    where userid = #{userid,jdbcType=INTEGER}
  </update>
</mapper>