<?xml version="1.0" encoding="UTF-8"?>
<!DOCTYPE mapper PUBLIC "-//mybatis.org//DTD Mapper 3.0//EN" "http://mybatis.org/dtd/mybatis-3-mapper.dtd">
<mapper namespace="com.aaa.dao.RoleMapper">
  <resultMap id="BaseResultMap" type="com.aaa.entity.Role">
    <id column="role_id" jdbcType="INTEGER" property="roleId" />
    <result column="role_name" jdbcType="VARCHAR" property="roleName" />
    <result column="role_key" jdbcType="VARCHAR" property="roleKey" />
    <result column="role_sort" jdbcType="INTEGER" property="roleSort" />
    <result column="status" jdbcType="CHAR" property="status" />
    <result column="del_flag" jdbcType="CHAR" property="delFlag" />
    <result column="create_by" jdbcType="VARCHAR" property="createBy" />
    <result column="create_time" jdbcType="TIMESTAMP" property="createTime" />
    <result column="update_by" jdbcType="VARCHAR" property="updateBy" />
    <result column="update_time" jdbcType="TIMESTAMP" property="updateTime" />
    <result column="remark" jdbcType="VARCHAR" property="remark" />
  </resultMap>
  <sql id="Base_Column_List">
    role_id, role_name, role_key, role_sort, status, del_flag, create_by, create_time, 
    update_by, update_time, remark
  </sql>
  <select id="selectByPrimaryKey" parameterType="java.lang.Integer" resultMap="BaseResultMap">
    select 
    <include refid="Base_Column_List" />
    from tbl_role
    where role_id = #{roleId,jdbcType=INTEGER}
  </select>
    <select id="selectAllRole" resultMap="BaseResultMap">
      select * from tbl_role
    </select>
  <select id="searchRoleById" resultMap="BaseResultMap">
    SELECT * FROM tbl_role WHERE role_id=#{roleId,jdbcType=INTEGER}
  </select>
    <delete id="deleteByPrimaryKey" parameterType="java.lang.Integer">
    delete from tbl_role
    where role_id = #{roleId,jdbcType=INTEGER}
  </delete>
    <delete id="delRoleByID">
      delete from tbl_role
      where role_id in
      <foreach collection="ids" item="xxx" open="(" close=")" separator=",">
        #{xxx}
      </foreach>
    </delete>
    <insert id="insert" parameterType="com.aaa.entity.Role">
    insert into tbl_role (role_id, role_name, role_key, 
      role_sort, status, del_flag, 
      create_by, create_time, update_by, 
      update_time, remark)
    values (#{roleId,jdbcType=INTEGER}, #{roleName,jdbcType=VARCHAR}, #{roleKey,jdbcType=VARCHAR}, 
      #{roleSort,jdbcType=INTEGER}, #{status,jdbcType=CHAR}, #{delFlag,jdbcType=CHAR}, 
      #{createBy,jdbcType=VARCHAR}, #{createTime,jdbcType=TIMESTAMP}, #{updateBy,jdbcType=VARCHAR}, 
      #{updateTime,jdbcType=TIMESTAMP}, #{remark,jdbcType=VARCHAR})
  </insert>
  <insert id="insertSelective" parameterType="com.aaa.entity.Role">
    insert into tbl_role
    <trim prefix="(" suffix=")" suffixOverrides=",">
      <if test="roleId != null">
        role_id,
      </if>
      <if test="roleName != null">
        role_name,
      </if>
      <if test="roleKey != null">
        role_key,
      </if>
      <if test="roleSort != null">
        role_sort,
      </if>
      <if test="status != null">
        status,
      </if>
      <if test="delFlag != null">
        del_flag,
      </if>
      <if test="createBy != null">
        create_by,
      </if>
      <if test="createTime != null">
        create_time,
      </if>
      <if test="updateBy != null">
        update_by,
      </if>
      <if test="updateTime != null">
        update_time,
      </if>
      <if test="remark != null">
        remark,
      </if>
    </trim>
    <trim prefix="values (" suffix=")" suffixOverrides=",">
      <if test="roleId != null">
        #{roleId,jdbcType=INTEGER},
      </if>
      <if test="roleName != null">
        #{roleName,jdbcType=VARCHAR},
      </if>
      <if test="roleKey != null">
        #{roleKey,jdbcType=VARCHAR},
      </if>
      <if test="roleSort != null">
        #{roleSort,jdbcType=INTEGER},
      </if>
      <if test="status != null">
        #{status,jdbcType=CHAR},
      </if>
      <if test="delFlag != null">
        #{delFlag,jdbcType=CHAR},
      </if>
      <if test="createBy != null">
        #{createBy,jdbcType=VARCHAR},
      </if>
      <if test="createTime != null">
        #{createTime,jdbcType=TIMESTAMP},
      </if>
      <if test="updateBy != null">
        #{updateBy,jdbcType=VARCHAR},
      </if>
      <if test="updateTime != null">
        #{updateTime,jdbcType=TIMESTAMP},
      </if>
      <if test="remark != null">
        #{remark,jdbcType=VARCHAR},
      </if>
    </trim>
  </insert>
    <insert id="insertRoleMenu">
      insert into tbl_role_menu(role_id,menu_id)
          value (#{roleId,jdbcType=INTEGER},#{menuId,jdbcType=INTEGER})
    </insert>
    <update id="updateByPrimaryKeySelective" parameterType="com.aaa.entity.Role">
    update tbl_role
    <set>
      <if test="roleName != null">
        role_name = #{roleName,jdbcType=VARCHAR},
      </if>
      <if test="roleKey != null">
        role_key = #{roleKey,jdbcType=VARCHAR},
      </if>
      <if test="roleSort != null">
        role_sort = #{roleSort,jdbcType=INTEGER},
      </if>
      <if test="status != null">
        status = #{status,jdbcType=CHAR},
      </if>
      <if test="delFlag != null">
        del_flag = #{delFlag,jdbcType=CHAR},
      </if>
      <if test="createBy != null">
        create_by = #{createBy,jdbcType=VARCHAR},
      </if>
      <if test="createTime != null">
        create_time = #{createTime,jdbcType=TIMESTAMP},
      </if>
      <if test="updateBy != null">
        update_by = #{updateBy,jdbcType=VARCHAR},
      </if>
      <if test="updateTime != null">
        update_time = #{updateTime,jdbcType=TIMESTAMP},
      </if>
      <if test="remark != null">
        remark = #{remark,jdbcType=VARCHAR},
      </if>
    </set>
    where role_id = #{roleId,jdbcType=INTEGER}
  </update>
  <update id="updateByPrimaryKey" parameterType="com.aaa.entity.Role">
    update tbl_role
    set role_name = #{roleName,jdbcType=VARCHAR},
      role_key = #{roleKey,jdbcType=VARCHAR},
      role_sort = #{roleSort,jdbcType=INTEGER},
      status = #{status,jdbcType=CHAR},
      del_flag = #{delFlag,jdbcType=CHAR},
      create_by = #{createBy,jdbcType=VARCHAR},
      create_time = #{createTime,jdbcType=TIMESTAMP},
      update_by = #{updateBy,jdbcType=VARCHAR},
      update_time = #{updateTime,jdbcType=TIMESTAMP},
      remark = #{remark,jdbcType=VARCHAR}
    where role_id = #{roleId,jdbcType=INTEGER}
  </update>
</mapper>