<?xml version="1.0" encoding="UTF-8"?>
<!DOCTYPE mapper PUBLIC "-//mybatis.org//DTD Mapper 3.0//EN" "http://mybatis.org/dtd/mybatis-3-mapper.dtd">
<mapper namespace="com.aaa.dao.UserMapper">
  <resultMap id="BaseResultMap" type="com.aaa.entity.User">
    <id column="user_id" jdbcType="INTEGER" property="userId" />
    <result column="dept_id" jdbcType="INTEGER" property="deptId" />
    <result column="login_name" jdbcType="VARCHAR" property="loginName" />
    <result column="user_name" jdbcType="VARCHAR" property="userName" />
    <result column="email" jdbcType="VARCHAR" property="email" />
    <result column="phonenumber" jdbcType="VARCHAR" property="phonenumber" />
    <result column="sex" jdbcType="CHAR" property="sex" />
    <result column="avatar" jdbcType="VARCHAR" property="avatar" />
    <result column="password" jdbcType="VARCHAR" property="password" />
    <result column="salt" jdbcType="VARCHAR" property="salt" />
    <result column="status" jdbcType="CHAR" property="status" />
    <result column="del_flag" jdbcType="CHAR" property="delFlag" />
    <result column="create_by" jdbcType="VARCHAR" property="createBy" />
    <result column="create_time" jdbcType="TIMESTAMP" property="createTime" />
    <result column="update_by" jdbcType="VARCHAR" property="updateBy" />
    <result column="update_time" jdbcType="TIMESTAMP" property="updateTime" />
    <result column="remark" jdbcType="VARCHAR" property="remark" />
  </resultMap>
  <sql id="Base_Column_List">
    user_id, dept_id, login_name, user_name, email, phonenumber, sex, avatar, password, 
    salt, status, del_flag, create_by, create_time, update_by, update_time, remark
  </sql>
  <select id="selectByPrimaryKey" parameterType="java.lang.Integer" resultMap="BaseResultMap">
    select 
    <include refid="Base_Column_List" />
    from tbl_user
    where user_id = #{userId,jdbcType=INTEGER}
  </select>
    <select id="selectUserByUsername" resultType="com.aaa.entity.User">
        select * from tbl_user where login_name=#{loginName}
    </select>
  <select id="selectAllUser" resultMap="BaseResultMap">
      select * from tbl_user
  </select>
  <select id="searchUserById" resultMap="BaseResultMap">
    SELECT * FROM tbl_user WHERE user_id=#{userId,jdbcType=INTEGER}
  </select>
  <delete id="deleteByPrimaryKey" parameterType="java.lang.Integer">
    delete from tbl_user
    where user_id = #{userId,jdbcType=INTEGER}
  </delete>
  <delete id="delUserByID">
    delete from tbl_user
    where user_id in
    <foreach collection="ids" item="xxx" open="(" close=")" separator=",">
    #{xxx}
    </foreach>
  </delete>
  <insert id="insert" parameterType="com.aaa.entity.User">
    insert into tbl_user (user_id, dept_id, login_name, 
      user_name, email, phonenumber, 
      sex, avatar, password, 
      salt, status, del_flag, create_by, 
      create_time, update_by, update_time, 
      remark)
    values (#{userId,jdbcType=INTEGER}, #{deptId,jdbcType=INTEGER}, #{loginName,jdbcType=VARCHAR}, 
      #{userName,jdbcType=VARCHAR}, #{email,jdbcType=VARCHAR}, #{phonenumber,jdbcType=VARCHAR}, 
      #{sex,jdbcType=CHAR}, #{avatar,jdbcType=VARCHAR}, #{password,jdbcType=VARCHAR}, 
      #{salt,jdbcType=VARCHAR}, #{status,jdbcType=CHAR}, #{delFlag,jdbcType=CHAR}, #{createBy,jdbcType=VARCHAR}, 
      #{createTime,jdbcType=TIMESTAMP}, #{updateBy,jdbcType=VARCHAR}, #{updateTime,jdbcType=TIMESTAMP}, 
      #{remark,jdbcType=VARCHAR})
  </insert>
  <insert id="insertSelective" parameterType="com.aaa.entity.User">
    insert into tbl_user
    <trim prefix="(" suffix=")" suffixOverrides=",">
      <if test="userId != null">
        user_id,
      </if>
      <if test="deptId != null">
        dept_id,
      </if>
      <if test="loginName != null">
        login_name,
      </if>
      <if test="userName != null">
        user_name,
      </if>
      <if test="email != null">
        email,
      </if>
      <if test="phonenumber != null">
        phonenumber,
      </if>
      <if test="sex != null">
        sex,
      </if>
      <if test="avatar != null">
        avatar,
      </if>
      <if test="password != null">
        password,
      </if>
      <if test="salt != null">
        salt,
      </if>
      <if test="status != null">
        status,
      </if>
      <if test="delFlag != null">
        del_flag,
      </if>
      <if test="createBy != null">
        create_by,
      </if>
      <if test="createTime != null">
        create_time,
      </if>
      <if test="updateBy != null">
        update_by,
      </if>
      <if test="updateTime != null">
        update_time,
      </if>
      <if test="remark != null">
        remark,
      </if>
    </trim>
    <trim prefix="values (" suffix=")" suffixOverrides=",">
      <if test="userId != null">
        #{userId,jdbcType=INTEGER},
      </if>
      <if test="deptId != null">
        #{deptId,jdbcType=INTEGER},
      </if>
      <if test="loginName != null">
        #{loginName,jdbcType=VARCHAR},
      </if>
      <if test="userName != null">
        #{userName,jdbcType=VARCHAR},
      </if>
      <if test="email != null">
        #{email,jdbcType=VARCHAR},
      </if>
      <if test="phonenumber != null">
        #{phonenumber,jdbcType=VARCHAR},
      </if>
      <if test="sex != null">
        #{sex,jdbcType=CHAR},
      </if>
      <if test="avatar != null">
        #{avatar,jdbcType=VARCHAR},
      </if>
      <if test="password != null">
        #{password,jdbcType=VARCHAR},
      </if>
      <if test="salt != null">
        #{salt,jdbcType=VARCHAR},
      </if>
      <if test="status != null">
        #{status,jdbcType=CHAR},
      </if>
      <if test="delFlag != null">
        #{delFlag,jdbcType=CHAR},
      </if>
      <if test="createBy != null">
        #{createBy,jdbcType=VARCHAR},
      </if>
      <if test="createTime != null">
        #{createTime,jdbcType=TIMESTAMP},
      </if>
      <if test="updateBy != null">
        #{updateBy,jdbcType=VARCHAR},
      </if>
      <if test="updateTime != null">
        #{updateTime,jdbcType=TIMESTAMP},
      </if>
      <if test="remark != null">
        #{remark,jdbcType=VARCHAR},
      </if>
    </trim>
  </insert>
   <insert id="insertUserRoleId" parameterType="com.aaa.entity.User">
    insert into tbl_user_role (tbl_user_role.user_id,
	tbl_user_role.role_id)
    values ((SELECT tbl_user.user_id FROM tbl_user WHERE tbl_user.login_name=#{loginName}), #{roleId,jdbcType=INTEGER})
  </insert>
    <update id="updateByPrimaryKeySelective" parameterType="com.aaa.entity.User" >
    update tbl_user
    <set>
      <if test="deptId != null">
        dept_id = #{deptId,jdbcType=INTEGER},
      </if>
      <if test="loginName != null">
        login_name = #{loginName,jdbcType=VARCHAR},
      </if>
      <if test="userName != null">
        user_name = #{userName,jdbcType=VARCHAR},
      </if>
      <if test="email != null">
        email = #{email,jdbcType=VARCHAR},
      </if>
      <if test="phonenumber != null">
        phonenumber = #{phonenumber,jdbcType=VARCHAR},
      </if>
      <if test="sex != null">
        sex = #{sex,jdbcType=CHAR},
      </if>
      <if test="avatar != null">
        avatar = #{avatar,jdbcType=VARCHAR},
      </if>
      <if test="password != null">
        password = #{password,jdbcType=VARCHAR},
      </if>
      <if test="salt != null">
        salt = #{salt,jdbcType=VARCHAR},
      </if>
      <if test="status != null">
        status = #{status,jdbcType=CHAR},
      </if>
      <if test="delFlag != null">
        del_flag = #{delFlag,jdbcType=CHAR},
      </if>
      <if test="createBy != null">
        create_by = #{createBy,jdbcType=VARCHAR},
      </if>
      <if test="createTime != null">
        create_time = #{createTime,jdbcType=TIMESTAMP},
      </if>
      <if test="updateBy != null">
        update_by = #{updateBy,jdbcType=VARCHAR},
      </if>
      <if test="updateTime != null">
        update_time = #{updateTime,jdbcType=TIMESTAMP},
      </if>
      <if test="remark != null">
        remark = #{remark,jdbcType=VARCHAR},
      </if>
    </set>
    where user_id = #{userId,jdbcType=INTEGER}
  </update>
  <update id="updateByPrimaryKey" parameterType="com.aaa.entity.User">
    update tbl_user
    set dept_id = #{deptId,jdbcType=INTEGER},
      login_name = #{loginName,jdbcType=VARCHAR},
      user_name = #{userName,jdbcType=VARCHAR},
      email = #{email,jdbcType=VARCHAR},
      phonenumber = #{phonenumber,jdbcType=VARCHAR},
      sex = #{sex,jdbcType=CHAR},
      avatar = #{avatar,jdbcType=VARCHAR},
      password = #{password,jdbcType=VARCHAR},
      salt = #{salt,jdbcType=VARCHAR},
      status = #{status,jdbcType=CHAR},
      del_flag = #{delFlag,jdbcType=CHAR},
      create_by = #{createBy,jdbcType=VARCHAR},
      create_time = #{createTime,jdbcType=TIMESTAMP},
      update_by = #{updateBy,jdbcType=VARCHAR},
      update_time = #{updateTime,jdbcType=TIMESTAMP},
      remark = #{remark,jdbcType=VARCHAR}
    where user_id = #{userId,jdbcType=INTEGER}
  </update>
  <update id="updateUserRoleById" parameterType="com.aaa.entity.User">
    update tbl_user_role set role_id= #{roleId,jdbcType=INTEGER}  where  user_id = #{userId,jdbcType=INTEGER}
  </update>
  <update id="resetPassword">
    update tbl_user set password =#{password,jdbcType=VARCHAR},salt = #{salt,jdbcType=VARCHAR} where user_id = #{userId,jdbcType=INTEGER}
  </update>
</mapper>